user_id,p_action,post,reply,retweet
1,0.0,0.38011489717483,0.1484819720741627,0.4714031307510073
2,0.0,0.5297387652198842,0.04895268483933318,0.4213085499407825
3,0.0,0.20022392783293502,0.0495377454167452,0.7502383267503198
4,0.0,0.44003719162331606,0.08975647142641306,0.4702063369502709
5,0.0,0.48476893618280426,0.049431837118876915,0.46579922669831886
