user_id,p_action,post,reply,retweet
1,0.0,0.7120822982201293,0.00010764043681542862,0.28781006134305537
2,0.0,0.7680810685383691,0.01344642156260625,0.21847250989902467
3,0.0,0.501344603135088,0.05726210110665163,0.4413932957582604
4,0.0,0.7389149744919208,5.011797639558334e-05,0.26103490753168357
5,0.0,0.7687996895186302,0.02676628339325631,0.20443402708811345
